Patient,Age,Sex,Height,Weight,T_1,T_2e,T_2l,T_3,T_PRT,SP_mean,SP1_Max,SP2e_min,SP2l_Max,SP2l_end,SP3_end,SP4e_Max,HRb_mean,HRa_mean,HR2e_min,HR2e_end,HR4e_Max,HR4e_min,HR4_min,HR_Max,VR1,VR2,RRb_mean,RRa_mean,RR2e_Max,RR2e_end,RR4e_min,RR4e_Max,RR4_Max,BRSv2eHRTD,R2_BRSv2eHRTD,BRSv2eRRTD,R2_BRSv2eRRTD,BRSv2eSPTD,R2_BRSv2eSPTD,BRSv2eHRSP,R2_BRSv2eHRSP,BRSv2eRRSP,R2_BRSv2eRRSP,BRSa2lSPTD,R2_BRSa2lSPTD,BRSv4eHRTD,R2_BRSv4eHRTD,BRSv4eRRTD,R2_BRSv4eRRTD,BRSv4eSPTD,R2_BRSv4eSPTD,BRSv4eHRSP,R2_BRSv4eHRSP,BRSv4eRRSP,R2_BRSv4eRRSP,A,B,C,D,E,BRSa,BRSa1,alpha_BRSa,beta_BRSa,alpha,beta,alpha_Area,beta_Area,BRSa_Area,BRSg,BRSg1,xi_w,xi_p,xi_r,xi_s,H_I,H_p,H_r,H_s,HIa,tchar
123,25,2,165,77,2.6,5.2,11.3,1.3,1,106.173454762323,119.768295208124,68.4337839336742,99.7855555230468,99.2841950401184,74.1788249097785,140.609756097561,87.9641189172304,51.3563406153405,74.1403278658387,104.542620634197,134.676573426573,68.5926573426574,40.7885791978247,134.524350619899,3.30182065850815,3.29808866269784,0.682096299474753,1.16830754062873,809.276162206533,573.928600947787,445.511780359577,874.729195871033,1471,6.24918998868155,0.996700359612872,-48.4907625964648,0.988996435359719,-10.1834228938941,0.911269546470691,-0.559108113471114,0.907923901429369,4.45911205329523,0.95173090383435,3.31160174710651,0.984857739104178,-87.6430019243274,0.922722723973802,511.128244593995,0.85508285118565,25.6732137269388,0.981429248988581,-4.05576569143517,0.931924493385695,23.7627424324445,0.871645398843571,-37.7396708286491,-25.1053701303398,30.8504111064441,31.9946298525448,34.4363013352376,25.1053701303398,56.568698426404,2.73012487667647,31.9946298525448,73.1973285134185,88.3635496488123,196.725701786862,17.5013555491233,3442.96645262269,0.111947658550637,0.252246164992401,89.6858188947008,0.220218156955052,0.220218156955052,0.220218156955052,84.2158875349858,0.149165913716638,0.47057148769309,1.08887054899025,40.7885791978247,34.1770115588246
